image_id,yolo_detections,yolo_summary,condition_a_score,condition_a_meaning,condition_b_score,condition_b_meaning,ground_truth_score
cabc30fc-e7726578,4,"Detected Road Users: 3 cars, 1 pedestrian.
  - 1 car (small (distant)) located near center (midground) [confidence: 0.86].
  - 1 car (small (distant)) located near center (midground) [confidence: 0.85].
  - 1 pedestrian (small (distant)) located near right side (midground) [confidence: 0.75].
  - 1 car (small (distant)) located near center (midground) [confidence: 0.68].",-1,,-1,,
cabc30fc-eb673c5a,4,"Detected Road Users: 2 cars, 2 trucks.
  - 1 car (small (distant)) located near left side (midground) [confidence: 0.84].
  - 1 truck (medium) located near left side (midground) [confidence: 0.64].
  - 1 car (small (distant)) located near center (midground) [confidence: 0.58].
  - 1 truck (small (distant)) located near center (midground) [confidence: 0.40].",-1,,-1,,
cabc30fc-fd79926f,8,"Detected Road Users: 4 cars, 4 pedestrians.
  - 1 car (medium) located near center (midground) [confidence: 0.90].
  - 1 car (small (distant)) located near center (midground) [confidence: 0.86].
  - 1 car (small (distant)) located near center (midground) [confidence: 0.70].
  - 1 pedestrian (small (distant)) located near right side (midground) [confidence: 0.59].
  - 1 car (small (distant)) located near left side (midground) [confidence: 0.55].
  - 1 pedestrian (small (distant)) located near right side (midground) [confidence: 0.51].
  - 1 pedestrian (small (distant)) located near right side (midground) [confidence: 0.49].
  - 1 pedestrian (small (distant)) located near right side (midground) [confidence: 0.46].",-1,,-1,,
cabc9045-1b8282ba,2,"Detected Road Users: 2 cars.
  - 1 car (small (distant)) located near center (background) [confidence: 0.39].
  - 1 car (small (distant)) located near left side (background) [confidence: 0.38].",-1,,-1,,
cabc9045-581f64de,2,"Detected Road Users: 2 cars.
  - 1 car (small (distant)) located near right side (midground) [confidence: 0.44].
  - 1 car (small (distant)) located near center (background) [confidence: 0.42].",-1,,-1,,
cabc9045-5a50690f,1,"Detected Road Users: 1 car.
  - 1 car (small (distant)) located near center (background) [confidence: 0.48].",-1,,-1,,
cabc9045-b3349548,2,"Detected Road Users: 1 car, 1 bus.
  - 1 car (small (distant)) located near center (background) [confidence: 0.38].
  - 1 bus (small (distant)) located near center (background) [confidence: 0.36].",-1,,-1,,
cabc9045-c6dc9529,3,"Detected Road Users: 3 cars.
  - 1 car (small (distant)) located near left side (midground) [confidence: 0.42].
  - 1 car (small (distant)) located near left side (midground) [confidence: 0.42].
  - 1 car (small (distant)) located near left side (midground) [confidence: 0.39].",-1,,-1,,
